<?xml version="1.0" encoding="UTF-8"?>
<!--

    Copyright 2005,2009 Ivan SZKIBA

    Licensed under the Apache License, Version 2.0 (the "License");
    you may not use this file except in compliance with the License.
    You may obtain a copy of the License at

         http://www.apache.org/licenses/LICENSE-2.0

    Unless required by applicable law or agreed to in writing, software
    distributed under the License is distributed on an "AS IS" BASIS,
    WITHOUT WARRANTIES OR CONDITIONS OF ANY KIND, either express or implied.
    See the License for the specific language governing permissions and
    limitations under the License.

-->
<document xmlns="http://maven.apache.org/XDOC/2.0"
  xmlns:xsi="http://www.w3.org/2001/XMLSchema-instance"
  xsi:schemaLocation="http://maven.apache.org/XDOC/2.0 http://maven.apache.org/xsd/xdoc-2.0.xsd">
    <properties>
        <title>Community</title>
    </properties>

    <body>
        <section name="Community">
            <p>
                In my work I use a lot of opensource library/tool. I beleive the power of
                opensource. I develop [ini4j] in my spare time, and it is my donation to
                community.
            </p>
            <p>
                The quality of this project is depend on you. You can improve quality with
                bug reports, featrue requests, comments etc. So please do not hesitate
                if you have some comments.
            </p>
            <menu>
                <li><a href="http://sourceforge.net/tracker2/?func=add&amp;group_id=129580&amp;atid=715133"><img src="img/bugs.png"/> Bug report</a></li>
                <li><a href="http://sourceforge.net/tracker2/?func=add&amp;group_id=129580&amp;atid=715136"><img src="img/feature.png"/> Feature request</a></li>
                <li><a href="http://sourceforge.net/forum/?group_id=129580"><img src="img/forum.png"/> Forums</a></li>
            </menu>
            <subsection name="Donations">
                <p>
                    Running ini4j.org has some cost. You can support it by donating this
                    project.
                </p>
                <p>
                    <a href="http://sourceforge.net/donate/index.php?group_id=129580"><img src="http://images.sourceforge.net/images/project-support.jpg" width="88" height="32" border="0" alt="Support This Project" /></a>
                </p>
            </subsection>
        </section>
    </body>
</document>