<?xml version="1.0" encoding="UTF-8"?>
<!--

    Copyright 2005,2009 Ivan SZKIBA

    Licensed under the Apache License, Version 2.0 (the "License");
    you may not use this file except in compliance with the License.
    You may obtain a copy of the License at

         http://www.apache.org/licenses/LICENSE-2.0

    Unless required by applicable law or agreed to in writing, software
    distributed under the License is distributed on an "AS IS" BASIS,
    WITHOUT WARRANTIES OR CONDITIONS OF ANY KIND, either express or implied.
    See the License for the specific language governing permissions and
    limitations under the License.

-->
<document xmlns="http://maven.apache.org/XDOC/2.0"
  xmlns:xsi="http://www.w3.org/2001/XMLSchema-instance"
  xsi:schemaLocation="http://maven.apache.org/XDOC/2.0 http://maven.apache.org/xsd/xdoc-2.0.xsd">
    <properties>
        <title>Demo</title>
    </properties>

    <body>
        <section name="Demo">
            <p>
                If have Java enabled browser (with Java version 1.5 or above) you
                can try [ini4j] library with this demo applet (or you can download it
                as executable jar file: <a href="./ini4j-demo.jar">ini4j-demo.jar</a>).
                Check the <em>help</em> tab in applet for instructions.
            </p>
            <applet width="99%" height="500" archive="ini4j-demo.jar" code="org.ini4j.demo.DemoApplet">
                <!-- -->
            </applet>
        </section>
    </body>
</document>