<?xml version="1.0" encoding="UTF-8"?>
<!--

    Copyright 2005,2009 Ivan SZKIBA

    Licensed under the Apache License, Version 2.0 (the "License");
    you may not use this file except in compliance with the License.
    You may obtain a copy of the License at

         http://www.apache.org/licenses/LICENSE-2.0

    Unless required by applicable law or agreed to in writing, software
    distributed under the License is distributed on an "AS IS" BASIS,
    WITHOUT WARRANTIES OR CONDITIONS OF ANY KIND, either express or implied.
    See the License for the specific language governing permissions and
    limitations under the License.

-->
<jalopy vendor="TRIEMAX">
    <profile name="ini4j">
  <html>
   <output>
    <blankLines>
     <keepUpTo>2</keepUpTo>
    </blankLines>
    <indent>
     <size>2</size>
    </indent>
    <wrap>
     <attributes>never</attributes>
     <keepBreak>
      <tags>false</tags>
      <text>false</text>
     </keepBreak>
     <size>80</size>
     <text>necessary</text>
    </wrap>
   </output>
  </html>
        <internal>
            <version>36</version>
        </internal>
        <java>
            <general>
                <compliance>
                    <version>15</version>
                </compliance>
            </general>
            <inspector>
                <enable>true</enable>
                <naming>
                    <classes>
                        <abstract>[A-Z][a-zA-Z0-9]+</abstract>
                        <general>[A-Z][a-zA-Z0-9]+</general>
                        <inner>[A-Z][a-zA-Z0-9]+</inner>
                    </classes>
                    <fields>
                        <default>[a-z]\w+</default>
                        <defaultFinal>[a-z]\w+</defaultFinal>
                        <defaultStatic>[a-z]\w+</defaultStatic>
                        <defaultStaticFinal>[a-zA-Z]\w+</defaultStaticFinal>
                        <private>_[a-z]\w+</private>
                        <privateFinal>[a-z]\w+</privateFinal>
                        <privateStatic>[a-z]\w+</privateStatic>
                        <privateStaticFinal>[a-zA-Z]\w+</privateStaticFinal>
                        <protected>[a-z]\w+</protected>
                        <protectedFinal>[a-z]\w+</protectedFinal>
                        <protectedStatic>[a-z]\w+</protectedStatic>
                        <protectedStaticFinal>[a-zA-Z]\w+</protectedStaticFinal>
                        <public>[a-z]\w+</public>
                        <publicFinal>[a-z]\w+</publicFinal>
                        <publicStatic>[a-z]\w+</publicStatic>
                        <publicStaticFinal>[A-Z0-9_]+</publicStaticFinal>
                    </fields>
                    <interfaces>[A-Z][a-zA-Z0-9]+</interfaces>
                    <labels>\w+</labels>
                    <methods>
                        <default>[a-z]\w+</default>
                        <defaultStatic>[a-z]\w+</defaultStatic>
                        <defaultStaticFinal>[a-z]\w+</defaultStaticFinal>
                        <private>[a-z]\w+</private>
                        <privateStatic>[a-z]\w+</privateStatic>
                        <privateStaticFinal>[a-z]\w+</privateStaticFinal>
                        <protected>[a-z]\w+</protected>
                        <protectedStatic>[a-z]\w+</protectedStatic>
                        <protectedStaticFinal>[a-z]\w+</protectedStaticFinal>
                        <public>[a-z]\w+</public>
                        <publicStatic>[a-z]\w+</publicStatic>
                        <publicStaticFinal>[a-z]\w+</publicStaticFinal>
                    </methods>
                    <packages>[a-z]+(?:\.[a-z]+)*</packages>
                    <parameters>
                        <default>[a-z]\w+</default>
                        <exception>\w+</exception>
                        <final>[a-z]\w+</final>
                    </parameters>
                    <variables>
                        <local>[a-z]\w*</local>
                        <localFinal>[a-z]\w*</localFinal>
                        <loop>[a-z]\w*</loop>
                    </variables>
                </naming>
                <tips>
                    <addCommentForCollections>false</addCommentForCollections>
                    <adhereToNamingConvention>false</adhereToNamingConvention>
                    <alwaysOverrideHashCode>false</alwaysOverrideHashCode>
                    <avoidThreadGroups>false</avoidThreadGroups>
                    <avoidVariableShadowing>false</avoidVariableShadowing>
                    <declareCollectionComment>false</declareCollectionComment>
                    <dontIgnoreExceptions>false</dontIgnoreExceptions>
                    <dontSubstituteObjectEquals>false</dontSubstituteObjectEquals>
                    <exceedLineLength>false</exceedLineLength>
                    <exceedLineLengthDisableWithinPragma>false</exceedLineLengthDisableWithinPragma>
                    <neverDeclareException>false</neverDeclareException>
                    <neverDeclareThrowable>false</neverDeclareThrowable>
                    <neverInvokeWaitOutsideLoop>false</neverInvokeWaitOutsideLoop>
                    <neverReturnZeroArrays>false</neverReturnZeroArrays>
                    <neverUseEmptyFinally>false</neverUseEmptyFinally>
                    <obeyContractEquals>false</obeyContractEquals>
                    <overrideToString>false</overrideToString>
                    <referToObjectsByInterface>false</referToObjectsByInterface>
                    <replaceStructureWithClass>false</replaceStructureWithClass>
                    <stringLiterallI18n>false</stringLiterallI18n>
                    <useInterfaceOnlyForTypes>false</useInterfaceOnlyForTypes>
                    <wrongCollectionComment>false</wrongCollectionComment>
                </tips>
            </inspector>
            <logging>
                <enable>false</enable>
                <file>logs\run.log</file>
                <type>log</type>
            </logging>
            <messages>
                <autoShow>true</autoShow>
                <priority>
                    <general>30000</general>
                    <inspector>30000</inspector>
                    <parser>30000</parser>
                    <parserJavadoc>30000</parserJavadoc>
                    <printer>30000</printer>
                    <printerJavadoc>30000</printerJavadoc>
                    <progress>30000</progress>
                    <transform>30000</transform>
                </priority>
                <showStackTrace>true</showStackTrace>
            </messages>
            <printer>
                <alignment>
                    <arrayInit>false</arrayInit>
                    <methodCallChain>false</methodCallChain>
                    <nestedMethodCallChain>false</nestedMethodCallChain>
                    <parameterMethodDeclaration>false</parameterMethodDeclaration>
                    <ternaryOperator>true</ternaryOperator>
                    <variableAssignment>false</variableAssignment>
                    <variableIdentifier>false</variableIdentifier>
                </alignment>
                <annotation>
                    <insert>false</insert>
                    <patterns></patterns>
                </annotation>
                <blanklines>
                    <abstractNone>false</abstractNone>
                    <after>
                        <annotation>1</annotation>
                        <assign>1</assign>
                        <block>1</block>
                        <braceLeft>-1</braceLeft>
                        <braceLeftClass>-1</braceLeftClass>
                        <braceLeftMethod>-1</braceLeftMethod>
                        <braceLeftNewline>-1</braceLeftNewline>
                        <class>1</class>
                        <comment>
                            <separator>1</separator>
                        </comment>
                        <declaration>1</declaration>
                        <enum>1</enum>
                        <footer>1</footer>
                        <header>0</header>
                        <imports>1</imports>
                        <interface>1</interface>
                        <method>1</method>
                        <package>1</package>
                        <sqlj>1</sqlj>
                    </after>
                    <before>
                        <annotation>0</annotation>
                        <block>0</block>
                        <braceRight>-1</braceRight>
                        <caseBlock>1</caseBlock>
                        <class>0</class>
                        <comment>
                            <javadoc>1</javadoc>
                            <multiline>1</multiline>
                            <separator>1</separator>
                            <singleline>1</singleline>
                        </comment>
                        <controlStatement>1</controlStatement>
                        <declaration>0</declaration>
                        <enum>0</enum>
                        <footer>1</footer>
                        <header>0</header>
                        <interface>0</interface>
                        <section>1</section>
                        <sqlj>1</sqlj>
                    </before>
                    <headerKeepUpTo>2</headerKeepUpTo>
                    <ignoreSwitchBlock>true</ignoreSwitchBlock>
                    <ignoreSwitchBreak>true</ignoreSwitchBreak>
                    <keepUpTo>0</keepUpTo>
                </blanklines>
                <braces>
                    <anonInner>
                        <indentSizeBeforeLeft>1</indentSizeBeforeLeft>
                        <indentSizeBeforeRight>0</indentSizeBeforeRight>
                        <lineBreakLeft>false</lineBreakLeft>
                    </anonInner>
                    <array>
                        <indentSizeBeforeLeft>1</indentSizeBeforeLeft>
                        <indentSizeBeforeRight>0</indentSizeBeforeRight>
                        <lineBreakLeft>false</lineBreakLeft>
                    </array>
                    <catch>
                        <indentSizeAfterRight>1</indentSizeAfterRight>
                        <indentSizeBeforeLeft>1</indentSizeBeforeLeft>
                        <indentSizeBeforeRight>0</indentSizeBeforeRight>
                        <lineBreakLeft>false</lineBreakLeft>
                        <lineBreakRight>false</lineBreakRight>
                    </catch>
                    <class>
                        <indentSizeBeforeLeft>1</indentSizeBeforeLeft>
                        <indentSizeBeforeRight>0</indentSizeBeforeRight>
                        <lineBreakLeft>false</lineBreakLeft>
                    </class>
                    <comment>
                        <class>false</class>
                        <ctor>false</ctor>
                        <for>false</for>
                        <ifElse>false</ifElse>
                        <interface>false</interface>
                        <method>false</method>
                        <switch>false</switch>
                        <synchronized>false</synchronized>
                        <threshold>25</threshold>
                        <tryCatchFinally>false</tryCatchFinally>
                        <while>false</while>
                    </comment>
                    <compact>
                        <arrayInit>true</arrayInit>
                        <ctor>false</ctor>
                        <else>false</else>
                        <elseIf>false</elseIf>
                        <enum>true</enum>
                        <enumConstant>false</enumConstant>
                        <if>false</if>
                        <method>false</method>
                        <singleIf>false</singleIf>
                        <throwAndReturn>false</throwAndReturn>
                    </compact>
                    <empty>
                        <cuddle>false</cuddle>
                        <insertStatement>true</insertStatement>
                        <obeyBraceStyle>false</obeyBraceStyle>
                        <obeyBraceStyleArray>false</obeyBraceStyleArray>
                    </empty>
                    <enum>
                        <indentSizeBeforeLeft>1</indentSizeBeforeLeft>
                        <indentSizeBeforeRight>0</indentSizeBeforeRight>
                        <lineBreakLeft>false</lineBreakLeft>
                    </enum>
                    <globalStyle>true</globalStyle>
                    <initializer>
                        <indentSizeBeforeLeft>1</indentSizeBeforeLeft>
                        <indentSizeBeforeRight>0</indentSizeBeforeRight>
                        <lineBreakLeft>false</lineBreakLeft>
                    </initializer>
                    <insert>
                        <doWhile>true</doWhile>
                        <for>true</for>
                        <ifElse>true</ifElse>
      <singleIf>true</singleIf>
                        <singleLine>false</singleLine>
                        <switch>false</switch>
                        <while>true</while>
                    </insert>
                    <method>
                        <indentSizeBeforeLeft>1</indentSizeBeforeLeft>
                        <indentSizeBeforeRight>0</indentSizeBeforeRight>
                        <lineBreakLeft>false</lineBreakLeft>
                    </method>
                    <remove>
                        <block>true</block>
                        <doWhile>false</doWhile>
                        <for>false</for>
                        <ifElse>false</ifElse>
      <singleIf>false</singleIf>
                        <switch>false</switch>
                        <while>false</while>
                    </remove>
                    <statement>
                        <indentSizeAfterRight>1</indentSizeAfterRight>
                        <indentSizeBeforeLeft>1</indentSizeBeforeLeft>
                        <indentSizeBeforeRight>0</indentSizeBeforeRight>
                        <lineBreakLeft>false</lineBreakLeft>
                        <lineBreakRight>false</lineBreakRight>
                    </statement>
                    <treatDifferent>
                        <methodClass>false</methodClass>
                        <methodClassIfWrapped>false</methodClassIfWrapped>
                        <statementWrapped>false</statementWrapped>
                    </treatDifferent>
                </braces>
                <chunks>
                    <blankLines>true</blankLines>
                    <comments>true</comments>
                    <wrap>false</wrap>
                </chunks>
                <comments>
                    <format>
                        <multiLine>false</multiLine>
                        <singleLine>false</singleLine>
                    </format>
                    <javadoc>
      <blankLines>
       <xdoclet>-1</xdoclet>
      </blankLines>
                        <blockTagsShort>false</blockTagsShort>
                        <check>
                            <description>
                                <enabled>false</enabled>
                                <firstSentence>false</firstSentence>
                                <onlyWhenGenerate>false</onlyWhenGenerate>
                                <onlyWhenNoSee>false</onlyWhenNoSee>
                                <onlyWhenParamOrReturn>false</onlyWhenParamOrReturn>
                                <useReturnDescription>false</useReturnDescription>
                            </description>
                            <ignoreRuntimeExceptions>false</ignoreRuntimeExceptions>
                            <innerclass>false</innerclass>
                            <keepThrowsTags>false</keepThrowsTags>
                            <suppressWhenSee>false</suppressWhenSee>
                            <tags>
                                <enabled>false</enabled>
                                <missingDescription>false</missingDescription>
                                <missingTags>false</missingTags>
                                <onlyWhenGenerate>false</onlyWhenGenerate>
                                <onlyWhenParamOrReturn>false</onlyWhenParamOrReturn>
                                <useDescription>false</useDescription>
                            </tags>
                            <throwsTags>false</throwsTags>
                        </check>
                        <classShort>false</classShort>
      <compact>
       <attribute>false</attribute>
      </compact>
                        <enumShort>false</enumShort>
                        <failOnError>false</failOnError>
                        <fieldsShort>true</fieldsShort>
                        <generate>
                            <bean>true</bean>
                            <class>0</class>
                            <constructor>0</constructor>
                            <enabled>false</enabled>
                            <excludeOverride>false</excludeOverride>
                            <exclusions></exclusions>
                            <field>0</field>
                            <formatBeanProperty>true</formatBeanProperty>
                            <method>0</method>
                            <seeTag>false</seeTag>
                            <useExisting>false</useExisting>
                        </generate>
                        <html>
                            <indent>false</indent>
                            <verify>false</verify>
                        </html>
                        <methodsShort>false</methodsShort>
                        <normalizeWhitespace>true</normalizeWhitespace>
                        <parseComments>false</parseComments>
                        <removePreformattedStar>true</removePreformattedStar>
                        <tags>
                            <align>true</align>
                            <alignAttributes>false</alignAttributes>
                            <custom>
                                <html></html>
                                <inline></inline>
                                <standard></standard>
                                <xdoclet></xdoclet>
                            </custom>
                            <group>true</group>
                            <indent>true</indent>
                            <innerSpacing>2</innerSpacing>
                            <methodTypeParams>false</methodTypeParams>
                            <order>@param^param|@return^return|@throws^throws|@author^common|@version^common|@see^common|@since^common|@serial^common|@serialData^common|@serialField^common|@deprecated^common|@custom^common|@beaninfo^none|@@attribute^none|@invalid^common|@todo^common|@xdoclet^none|@jalopy.group^none|@call-tree^none</order>
                            <removeMisused>false</removeMisused>
                            <sort>false</sort>
                            <sortAttributes>false</sortAttributes>
       <sortXDoclet>false</sortXDoclet>
                            <spelling>false</spelling>
                        </tags>
                        <templates>
                            <class><![CDATA[/**
 * DOCUMENT ME!
 *
                            */]]></class>
                            <constructor>
                                <bottom><![CDATA[ */]]></bottom>
                                <exception><![CDATA[ * @throws $exception.type$ DOCUMENT ME!]]></exception>
                                <param><![CDATA[ * @param $param.name$ DOCUMENT ME!]]></param>
                                <top><![CDATA[/**
                                * Creates a new $class.name$ object.]]></top>
                            </constructor>
                            <enum><![CDATA[/**
 * DOCUMENT ME!
 *
                            */]]></enum>
                            <getter>
                                <bottom><![CDATA[ */]]></bottom>
                                <exception><![CDATA[ * @throws $exception.type$ DOCUMENT ME!]]></exception>
                                <param><![CDATA[ * @param $param.name$ DOCUMENT ME!]]></param>
                                <return><![CDATA[ * @return DOCUMENT ME!]]></return>
                                <top><![CDATA[/**
                                * DOCUMENT ME!]]></top>
                            </getter>
                            <interface><![CDATA[/**
 * DOCUMENT ME!
 *
                            */]]></interface>
                            <method>
                                <bottom><![CDATA[ */]]></bottom>
                                <exception><![CDATA[ * @throws $exception.type$ DOCUMENT ME!]]></exception>
                                <param><![CDATA[ * @param $param.name$ DOCUMENT ME!]]></param>
                                <return><![CDATA[ * @return DOCUMENT ME!]]></return>
                                <top><![CDATA[/**
                                * DOCUMENT ME!]]></top>
                            </method>
                            <setter>
                                <bottom><![CDATA[ */]]></bottom>
                                <exception><![CDATA[ * @throws $exception.type$ DOCUMENT ME!]]></exception>
                                <param><![CDATA[ * @param $param.name$ DOCUMENT ME!]]></param>
                                <top><![CDATA[/**
                                * DOCUMENT ME!]]></top>
                            </setter>
                            <variable>/** DOCUMENT ME! */</variable>
                        </templates>
                        <transform>false</transform>
                        <wrap>
                            <after>
                                <class>false</class>
                                <delim>
                                    <class>true</class>
                                    <ctor>true</ctor>
                                    <field>false</field>
                                    <interface>true</interface>
                                    <method>true</method>
                                </delim>
                                <enumConstant>true</enumConstant>
                                <throws>false</throws>
                            </after>
                            <inline>true</inline>
                            <keepNewline>false</keepNewline>
                            <lineLength>80</lineLength>
                        </wrap>
                    </javadoc>
                    <keepFirstColumnAsIs>false</keepFirstColumnAsIs>
                    <moveAfterBrace>-1</moveAfterBrace>
                    <reflow>
                        <multiLine>false</multiLine>
                        <singeLine>false</singeLine>
                    </reflow>
                    <remove>
                        <javadoc>
                            <all>true</all>
                            <enable>false</enable>
                            <pattern></pattern>
                        </javadoc>
                        <multiLine>
                            <all>true</all>
                            <enable>false</enable>
                            <pattern></pattern>
                        </multiLine>
                        <singleLine>
                            <all>true</all>
                            <enable>false</enable>
                            <pattern></pattern>
                        </singleLine>
                    </remove>
                    <separator>
                        <fillCharacter>-</fillCharacter>
                        <insert>false</insert>
                        <insertAccess>false</insertAccess>
                        <insertMethodRecursive>false</insertMethodRecursive>
                        <insertMethods>false</insertMethods>
                        <insertRecursive>false</insertRecursive>
                        <length>80</length>
                        <methodTemplate>//~ ${fill.character}*</methodTemplate>
                        <template>//~ ${description} ${fill.character}*</template>
                        <text>
                            <annotation>Annotations</annotation>
                            <class>Inner Classes</class>
                            <constructor>Constructors</constructor>
                            <enum>Enums</enum>
                            <enumConstant>Enum constants</enumConstant>
                            <field>Instance fields</field>
                            <initializer>Instance initializers</initializer>
                            <interface>Inner Interfaces</interface>
                            <method>Methods</method>
                            <ordinary>Ordinary methods</ordinary>
                            <static>Static fields/initializers</static>
                        </text>
                    </separator>
                    <wrap>
                        <lineLength>140</lineLength>
                        <minSpace>20</minSpace>
                        <multiLine>false</multiLine>
                        <singleLine>false</singleLine>
                    </wrap>
                </comments>
                <environment></environment>
                <footer>
                    <keepTags>false</keepTags>
                    <keys></keys>
                    <override>true</override>
                    <smartMode>0</smartMode>
                    <text></text>
                    <use>false</use>
                </footer>
                <header>
                    <keepTags>false</keepTags>
                    <keys></keys>
                    <override>true</override>
                    <smartMode>0</smartMode>
                    <text></text>
                    <use>false</use>
                </header>
                <imports>
                    <classRepositoryDirectory>repository</classRepositoryDirectory>
                    <grouping>
                        <defaultDepth>3</defaultDepth>
                        <packages>*:0|gnu:2|java:2|javax:2</packages>
                        <static>none</static>
                    </grouping>
                    <policy>expand</policy>
                    <sort>true</sort>
                    <useCustomImplementation>false</useCustomImplementation>
                </imports>
                <indentation>
                    <align>
                        <anonInnerClass>true</anonInnerClass>
                        <arrayInitializers>false</arrayInitializers>
                        <assert>false</assert>
                        <endlineComment>false</endlineComment>
                        <enumConstant>false</enumConstant>
                        <parenthesesRight>false</parenthesesRight>
                    </align>
                    <arrayInit>standard</arrayInit>
                    <blockBody>true</blockBody>
                    <callArgs>standard</callArgs>
                    <caseBody>true</caseBody>
                    <caseFromSwitch>true</caseFromSwitch>
                    <classBody>true</classBody>
                    <continuation>
                        <block>true</block>
                        <operator>true</operator>
                        <parameter>false</parameter>
                        <return>true</return>
                    </continuation>
                    <declParams>standard</declParams>
                    <dottedExpr>false</dottedExpr>
                    <firstColumnComments>false</firstColumnComments>
                    <general>standard</general>
                    <increaseHotSpots>true</increaseHotSpots>
                    <label>false</label>
                    <methodBody>true</methodBody>
                    <sizes>
                        <bigGapIndent>8</bigGapIndent>
                        <braceCuddled>1</braceCuddled>
                        <braceLeft>0</braceLeft>
                        <braceRight>0</braceRight>
                        <braceRightAfter>0</braceRightAfter>
                        <continuation>2</continuation>
                        <deep>55</deep>
                        <extends>-1</extends>
                        <general>4</general>
                        <implements>-1</implements>
                        <leading>0</leading>
                        <tabs>8</tabs>
                        <throws>-1</throws>
                        <trailingComment>2</trailingComment>
                    </sizes>
                    <tabs>
                        <comments>false</comments>
                        <enable>false</enable>
                        <onlyLeading>false</onlyLeading>
                    </tabs>
                    <ternaryOperand>false</ternaryOperand>
                </indentation>
                <misc>
                    <arrayBracketsAfterIdent>false</arrayBracketsAfterIdent>
                    <booleanGetter>^(is)[A-Z]\w+</booleanGetter>
                    <callTree>false</callTree>
                    <insertExpressionParentheses>true</insertExpressionParentheses>
                    <insertLoggingConditional>false</insertLoggingConditional>
                    <insertOverride>false</insertOverride>
                    <insertParen>
                        <return>false</return>
                        <throw>false</throw>
                    </insertParen>
                    <insertTrailingNewline>true</insertTrailingNewline>
                    <insertUID>false</insertUID>
                    <javadocOnly>false</javadocOnly>
                    <keepSameLine>
                        <else>false</else>
                        <elseIf>false</elseIf>
                        <if>false</if>
                        <singleIf>false</singleIf>
                        <throwAndReturn>false</throwAndReturn>
                    </keepSameLine>
                    <removeRedundantModifier>true</removeRedundantModifier>
                    <requireBeanPropertyField>false</requireBeanPropertyField>
                    <splitMultiVariables>false</splitMultiVariables>
                </misc>
                <parser>
                    <stripQualification>false</stripQualification>
                </parser>
                <searchAndReplace>
                    <javadoc>false</javadoc>
                    <multiLine>false</multiLine>
                    <patterns></patterns>
                    <singleLine>false</singleLine>
                    <stringLiteral>false</stringLiteral>
                </searchAndReplace>
                <sorting>
                    <declaration>
                        <bean>
                            <enable>true</enable>
                            <keepTogether>true</keepTogether>
                            <order>isFoo|getFoo|setFoo|foo</order>
                        </bean>
                        <class>
                            <enable>true</enable>
                            <level>true</level>
                            <name>true</name>
                            <order>level|name</order>
                        </class>
                        <constructor>
                            <copy>false</copy>
                            <count>true</count>
                            <default>false</default>
                            <enable>true</enable>
                            <level>true</level>
                            <order>level|count|default|copy</order>
                        </constructor>
                        <enable>true</enable>
                        <enum>
                            <enable>true</enable>
                            <level>true</level>
                            <name>true</name>
                            <order>level|name</order>
                        </enum>
                        <enumConstant>
                            <count>true</count>
                            <enable>false</enable>
                            <name>true</name>
                            <order>name|count</order>
                        </enumConstant>
                        <field>
                            <enable>true</enable>
                            <level>true</level>
                            <name>true</name>
                            <order>level|name|type</order>
                            <type>true</type>
                        </field>
                        <interface>
                            <enable>true</enable>
                            <level>true</level>
                            <name>true</name>
                            <order>level|name</order>
                        </interface>
                        <method>
                            <bean>true</bean>
                            <count>true</count>
                            <custom>true</custom>
                            <enable>true</enable>
                            <level>true</level>
                            <name>true</name>
                            <order>level|bean|regex|name|count|custom</order>
                            <regex>
                                <enable>true</enable>
                                <order><![CDATA[begin\w+
end\w+
test\w+
                                js.et_\w+]]></order>
                            </regex>
                        </method>
                        <modifier>
                            <abstract>true</abstract>
                            <final>false</final>
                            <friendly>true</friendly>
                            <native>false</native>
                            <order>public|protected|friendly|private|abstract|static|final|native</order>
                            <private>true</private>
                            <protected>true</protected>
                            <public>true</public>
                            <static>true</static>
                        </modifier>
                        <order>static|enum|enumConstant|field|initializer|constructor|method|interface|class|annotation</order>
                    </declaration>
                    <modifier>
                        <annotation>false</annotation>
                        <enable>false</enable>
                        <order>annotation|public|protected|private|abstract|static|final|synchronized|transient|volatile|native|strictfp</order>
                    </modifier>
                </sorting>
                <whitespace>
                    <after>
                        <ampersand>
                            <typeParam>true</typeParam>
                        </ampersand>
                        <colon>
                            <assert>true</assert>
                            <conditional>true</conditional>
                            <for>true</for>
                            <label>true</label>
                        </colon>
                        <comma>
                            <annotationArrayInit>true</annotationArrayInit>
                            <annotationMember>true</annotationMember>
                            <arrayInit>true</arrayInit>
                            <creatorCall>true</creatorCall>
                            <ctorCall>true</ctorCall>
                            <ctorDecl>true</ctorDecl>
                            <enumConstant>true</enumConstant>
                            <enumConstantArgument>true</enumConstantArgument>
                            <extends>true</extends>
                            <forInit>true</forInit>
                            <forUpdate>true</forUpdate>
                            <implements>true</implements>
                            <methodCall>true</methodCall>
                            <methodDecl>true</methodDecl>
                            <multiField>true</multiField>
                            <multiVar>true</multiVar>
                            <throwsCtor>true</throwsCtor>
                            <throwsMethod>true</throwsMethod>
                            <typeArgument>true</typeArgument>
                            <typeParam>true</typeParam>
                            <typeRef>true</typeRef>
                        </comma>
                        <ellipsis>true</ellipsis>
                        <lbrace>
                            <annotation>true</annotation>
                            <arrayInit>true</arrayInit>
                            <compactedBraces>true</compactedBraces>
                        </lbrace>
                        <lbracket>
                            <arrayAccess>false</arrayAccess>
                            <arrayCreator>false</arrayCreator>
                            <typeArgument>false</typeArgument>
                            <typeParam>false</typeParam>
                            <typeReference>false</typeReference>
                        </lbracket>
                        <lparen>
                            <annotationMember>false</annotationMember>
                            <catch>false</catch>
                            <creatorCall>false</creatorCall>
                            <ctorCall>false</ctorCall>
                            <ctorDecl>false</ctorDecl>
                            <enumConstant>false</enumConstant>
                            <expr>false</expr>
                            <for>false</for>
                            <if>false</if>
                            <methodCall>false</methodCall>
                            <methodDecl>false</methodDecl>
                            <return>false</return>
                            <switch>false</switch>
                            <synchronized>false</synchronized>
                            <throw>false</throw>
                            <typeCast>false</typeCast>
                            <while>false</while>
                        </lparen>
                        <operator>
                            <assign>
                                true
                                <annotation>true</annotation>
                            </assign>
                            <bitwise>true</bitwise>
                            <logical>true</logical>
                            <math>true</math>
                            <prefix>false</prefix>
                            <relational>true</relational>
                            <shift>true</shift>
                            <stringConcat>true</stringConcat>
                            <unary>false</unary>
                        </operator>
                        <question>
                            <conditional>true</conditional>
                            <typeArgument>false</typeArgument>
                            <typeParam>false</typeParam>
                        </question>
                        <rbracket>
                            <typeArgument>false</typeArgument>
                            <typeParam>false</typeParam>
                        </rbracket>
                        <semicolon>1</semicolon>
                        <typeCast>true</typeCast>
                    </after>
                    <before>
                        <ampersand>
                            <typeParam>true</typeParam>
                        </ampersand>
                        <bracketsTypes>false</bracketsTypes>
                        <colon>
                            <assert>true</assert>
                            <case>false</case>
                            <conditional>true</conditional>
                            <for>true</for>
                            <label>false</label>
                        </colon>
                        <comma>
                            <annotationArrayInit>false</annotationArrayInit>
                            <annotationMember>false</annotationMember>
                            <arrayInit>false</arrayInit>
                            <creatorCall>false</creatorCall>
                            <ctorCall>false</ctorCall>
                            <ctorDecl>false</ctorDecl>
                            <enumConstant>false</enumConstant>
                            <enumConstantArgument>false</enumConstantArgument>
                            <extends>false</extends>
                            <forInit>false</forInit>
                            <forUpdate>false</forUpdate>
                            <implements>false</implements>
                            <methodCall>false</methodCall>
                            <methodDecl>false</methodDecl>
                            <multiField>false</multiField>
                            <multiVar>false</multiVar>
                            <throwsCtor>false</throwsCtor>
                            <throwsMethod>false</throwsMethod>
                            <typeArgument>false</typeArgument>
                            <typeParam>false</typeParam>
                            <typeRef>false</typeRef>
                        </comma>
                        <ellipsis>false</ellipsis>
                        <lbrace>
                            <arrayInit>true</arrayInit>
                            <compactedBraces>true</compactedBraces>
                        </lbrace>
                        <lbracket>
                            <arrayAccess>false</arrayAccess>
                            <arrayCreator>false</arrayCreator>
                            <arrayDeclaration>false</arrayDeclaration>
                            <typeArgument>false</typeArgument>
                            <typeParam>false</typeParam>
                            <typeReference>false</typeReference>
                        </lbracket>
                        <lparen>
                            <return>true</return>
                            <throw>true</throw>
                        </lparen>
                        <operator>
                            <assign>
                                true
                                <annotation>true</annotation>
                            </assign>
                            <bitwise>true</bitwise>
                            <logical>true</logical>
                            <math>true</math>
                            <not>false</not>
                            <postfix>false</postfix>
                            <relational>true</relational>
                            <shift>true</shift>
                            <stringConcat>true</stringConcat>
                        </operator>
                        <parentheses>
                            <annotationMember>false</annotationMember>
                            <annotationTypeMember>false</annotationTypeMember>
                            <catch>true</catch>
                            <creator>false</creator>
                            <ctorCall>false</ctorCall>
                            <ctorDecl>false</ctorDecl>
                            <enumConstant>false</enumConstant>
                            <for>true</for>
                            <if>true</if>
                            <methodCall>false</methodCall>
                            <methodDeclaration>false</methodDeclaration>
                            <switch>true</switch>
                            <synchronized>true</synchronized>
                            <while>true</while>
                        </parentheses>
                        <question>
                            <conditional>true</conditional>
                            <typeArgument>false</typeArgument>
                            <typeParam>false</typeParam>
                        </question>
                        <rbrace>
                            <annotation>true</annotation>
                            <arrayInit>true</arrayInit>
                            <compactedBraces>true</compactedBraces>
                        </rbrace>
                        <rbracket>
                            <arrayAccess>false</arrayAccess>
                            <arrayCreator>false</arrayCreator>
                            <typeArgument>false</typeArgument>
                            <typeParam>false</typeParam>
                            <typeReference>false</typeReference>
                        </rbracket>
                        <rparen>
                            <annotationMember>false</annotationMember>
                            <catch>false</catch>
                            <creatorCall>false</creatorCall>
                            <ctorCall>false</ctorCall>
                            <ctorDecl>false</ctorDecl>
                            <enumConstant>false</enumConstant>
                            <expr>false</expr>
                            <for>false</for>
                            <if>false</if>
                            <methodCall>false</methodCall>
                            <methodDecl>false</methodDecl>
                            <return>false</return>
                            <switch>false</switch>
                            <synchronized>false</synchronized>
                            <throw>false</throw>
                            <typeCast>false</typeCast>
                            <while>false</while>
                        </rparen>
                        <semi>
                            <for>false</for>
                        </semi>
                    </before>
                    <compact>
                        <brackets>false</brackets>
                        <parentheses>false</parentheses>
                    </compact>
                    <emptyBraces>
                        <arrayInit>false</arrayInit>
                        <decl>true</decl>
                    </emptyBraces>
                    <emptyBracket>
                        <arrayCreator>false</arrayCreator>
                        <arrayDeclaration>false</arrayDeclaration>
                    </emptyBracket>
                    <emptyParen>
                        <annotationTypeMember>false</annotationTypeMember>
                        <creatorCall>false</creatorCall>
                        <ctorCall>false</ctorCall>
                        <ctorDecl>false</ctorDecl>
                        <emptyEnumParen>false</emptyEnumParen>
                        <methodCall>false</methodCall>
                        <methodDecl>false</methodDecl>
                    </emptyParen>
                </whitespace>
                <wrapping>
                    <allWhenFirst>
                        <operator>false</operator>
                    </allWhenFirst>
                    <always>
                        <after>
                            <annotationMember>true</annotationMember>
                            <arrayElement>0</arrayElement>
                            <assignRegistry>false</assignRegistry>
                            <braceRight>true</braceRight>
                            <conditional>false</conditional>
                            <extendsTypes>false</extendsTypes>
                            <implementsTypes>false</implementsTypes>
                            <label>true</label>
                            <markerAnnotation>false</markerAnnotation>
                            <methodCallChained>false</methodCallChained>
                            <multiDeclarator>false</multiDeclarator>
                            <multiType>false</multiType>
                            <nestedMethodCallChained>false</nestedMethodCallChained>
                            <ternaryOperator>
                                <first>false</first>
                                <second>false</second>
                            </ternaryOperator>
                            <throwsTypes>false</throwsTypes>
                        </after>
                        <before>
                            <braceLeft>true</braceLeft>
                            <declaration>false</declaration>
                            <extends>false</extends>
                            <fieldName>false</fieldName>
                            <implements>false</implements>
                            <methodName>false</methodName>
                            <throws>false</throws>
                        </before>
                        <parameter>
                            <methodCall>false</methodCall>
                            <methodCallNested>false</methodCallNested>
                            <methodDeclaration>false</methodDeclaration>
                        </parameter>
                    </always>
                    <general>
                        <avoidBareLeftParen>true</avoidBareLeftParen>
                        <beforeOperator>true</beforeOperator>
                        <concatOnlyWhenBothLiteral>false</concatOnlyWhenBothLiteral>
                        <disable>
                            <complexExpr>false</complexExpr>
                        </disable>
                        <enable>true</enable>
                        <keepLinebreak>false</keepLinebreak>
                        <keepLinebreakArray>false</keepLinebreakArray>
                        <keepLinebreakCallArgs>false</keepLinebreakCallArgs>
                        <keepLinebreakConcat>false</keepLinebreakConcat>
                        <keepLinebreakDeclParams>false</keepLinebreakDeclParams>
                        <lineLength>140</lineLength>
                        <strictlyObeyKeepLinebreak>false</strictlyObeyKeepLinebreak>
                    </general>
                    <never>
                        <chainedIndexOperator>false</chainedIndexOperator>
                        <chainedMethodCall>false</chainedMethodCall>
                        <expression>true</expression>
                        <qualifier>false</qualifier>
                    </never>
                    <ondemand>
                        <after>
                            <argument>false</argument>
                            <assignment>false</assignment>
                            <leftParenthesis>false</leftParenthesis>
                            <markerAnnotation>true</markerAnnotation>
                            <multivar>
                                <declarator>false</declarator>
                                <type>false</type>
                            </multivar>
                            <param>false</param>
                            <parameter>false</parameter>
                            <return>false</return>
                            <types>
                                <extends>false</extends>
                                <implements>false</implements>
                                <throws>false</throws>
                            </types>
                        </after>
                        <argsLower>false</argsLower>
                        <before>
                            <extends>false</extends>
                            <fieldName>false</fieldName>
                            <implements>false</implements>
                            <methodName>false</methodName>
                            <rightParenthesis>false</rightParenthesis>
                            <ternaryColon>false</ternaryColon>
                            <throws>false</throws>
                        </before>
                        <groupingParentheses>false</groupingParentheses>
                        <imports>false</imports>
                        <indexOperator>true</indexOperator>
                        <operator>false</operator>
                        <stringLiteral>false</stringLiteral>
                        <typeParameter>false</typeParameter>
                    </ondemand>
                    <preferLowerLevel>
                        <methodCallAssignments>false</methodCallAssignments>
                    </preferLowerLevel>
                </wrapping>
            </printer>
        </java>
        <shared>
            <backup>
                <directory>bak</directory>
                <level>1</level>
            </backup>
            <convention>
                <description>[ini4j] Java Coding Convention</description>
                <local></local>
                <location></location>
                <name>ini4j</name>
                <synchronize>false</synchronize>
            </convention>
            <exclusions></exclusions>
            <fileTypes><![CDATA[Java
*.java
*.sqlj
---
            ]]></fileTypes>
            <history>
                <location></location>
                <method>none</method>
            </history>
            <locale>
                <country>US</country>
                <datePattern>yyyy-MM-dd</datePattern>
                <language>en</language>
                <timePattern>hh:mm</timePattern>
            </locale>
            <misc>
    <checkout>false</checkout>
    <encoding>UTF-8</encoding>
    <forceEncoding>false</forceEncoding>
                <forceFormatting>false</forceFormatting>
                <forceLineSeparator>false</forceLineSeparator>
                <formatOnCheckin>false</formatOnCheckin>
                <formatOnGeneration>true</formatOnGeneration>
                <formatOnLoad>false</formatOnLoad>
                <formatOnSave>true</formatOnSave>
                <keepEditorState>false</keepEditorState>
                <lineSeparator>AUTO</lineSeparator>
                <testFormatting>false</testFormatting>
                <threadCount>1</threadCount>
                <useEditorPreview>false</useEditorPreview>
            </misc>
            <project>
                <autoSwitch>true</autoSwitch>
            </project>
            <repository>
                <failOnError>false</failOnError>
                <warnOnError>true</warnOnError>
            </repository>
        </shared>
    </profile>
</jalopy>

